CREA-BA - Conselho Regional de Engenharia e Agronomia da Bahia,,,,,
SITAC - Sistema de Informações Técnicas e Administrativas do CREA-BA,,,,,
,,,,,
Relatório Gerencial:,RELATÓRIO GENÉRICO,,,,
Grupo:,RELATÓRIOS,,,,
Descrição:,,,,,
,,,,,
Data/Hora:,06/08/2025 às 16:08:18,,,,
Local:,SEDE - SALVADOR - CONSELHO REGIONAL DE ENGENHARIA E AGRONOMIA,,,,
,,,,,
NOME,CAMPUS,CNPJ,CÓDIGO MEC,CÓDIGO REGIONAL,TIPO DE CATEGORIA ACADÊMICA
500068070 - AGES - FACULDADE AGES DE JACOBINA,JACOBINA,18867222000171,500068070,,PRIVADA
500047014 - APOIO - CENTRO DE APERFEIÇOAMENTO PROFISSIONAL,TEIXEIRA DE FREITAS -BA,12060316000158,500047014,,PRIVADA
32352 - ASSOCIAÇÃO CENTRO DE EDUCAÇÃO TECNOLÓGICA DO ESTADO DA BAHIA - CETEB,[TRANSFERIDO PARA OUTRO CONSELHO],02663026000145,32352,,PÚBLICA
32352 - ASSOCIAÇÃO CENTRO DE EDUCAÇÃO TECNOLÓGICA DO ESTADO DA BAHIA - CETEB,FEIRA DE SANTANA,02663026000145,32352,,PÚBLICA
ASSOCIAÇÃO DA ESCOLA FAMÍLIA AGROPECUÁRIA DE MACAÚBAS - AEFAM,[TRANSFERIDO PARA OUTRO CONSELHO],13223110000164,,,
CASA FAMILIAR AGROFLORESTAL DO BAIXO SUL DA BAHIA,NILO PEÇANHA,07511664000164,,,PRIVADA
944132018 - CASA FAMILIAR RURAL DE IGRAPIÚNA - CRFI,IGRAPÍUNA,08981519000100,944132018,,PRIVADA
CASA FAMILIAR RURAL DE PRESIDENTE TANCREDO NEVES,TANCREDO NEVES -BA,05287777000100,,,
4225 - CEEP EM SAÚDE E TECNOLOGIA DA INFORMAÇÃO CARLOS CORREA DE MENEZES SANTANA,SALVADOR,01948551000144,4225,,PÚBLICA
CENTRO DE APRENDIZAGEM E INTEGRAÇÃO DE CURSOS - CAIC - SALVADOR,SALVADOR,08867659000151,,,PÚBLICA
CENTRO DE EDUCAÇÃO NOSSA SENHORA DO PERPÉTUO SOCORRO,LIVRAMENTO DE NOSSA SENHORA,08237986000120,,,PRIVADA
CENTRO DE EDUCAÇÃO PROFISSIONAL DE ALAGOINHAS,CEPA,,,,
CENTRO DE EDUCAÇÃO PROFISSIONAL E TECNOLOGICO - CENTROTEC,CENTROTEC,08887153000104,,,PRIVADA
21420 - CENTRO DE EDUCAÇÃO PROFISSIONAL ITAPARICA II WILSON PEREIRA,PAULO AFONSO,13937065000100,21420,,PÚBLICA
0 - CENTRO DE EDUCAÇÃO TECNOLÓGICA DA BAHIA - CENTEC,SIMÕES FILHO,00000000000000,0,,PRIVADA
CENTRO DE ESPECIALIZAÇÃO TECNICA - UNIDADE DE SERRINHA,SERRINHA,13301167000134,,,
CENTRO DE ESPECIALIZAÇÃO TÉCNICA - UNIDADE JACOBINA,JACOBINA,11100251000164,,,
CENTRO DE ESTUDOS TECNICOS E PROFISSIONALIZANTES,CAMAÇARI,10377291000195,,,PRIVADA
37238 - CENTRO DE ESTUDOS TÉCNICOS E PROFISSIONALIZANTES - CANDEIAS,CANDEIAS,10377291000276,37238,,PRIVADA
"1 - CENTRO DE ESTUDOS TÉCNICOS, TREINAMENTOS PROF. E SERVIÇOS",CAMAÇARI,05821435000110,1,,PRIVADA
500004722 - Centro de Formação Professor Jayme Villas Boas Filho,,,500004722,,
1278 - CENTRO DE FORMAÇÃO PROFISSIONAL JOAQUIM IGNÁCIO TOSTA FILHO - SENAI - ILHÉUS,ILHÉUS,03795071000205,1278,,PÚBLICA
2015033392 - CENTRO DE FORMAÇÃO PROFISSIONAL SANTA CRUZ- CESAC,SANTO ANTONIO DE JESUS,11042743000140,2015033392,,PRIVADA
CENTRO DE FORMAÇÃO TÉCNICA DA BAHIA - ALAGOINHAS,CFTB - ALAGOINHAS,96754452000219,,,
CENTRO DE FORMAÇÃO TÉCNICA DA BAHIA - UNIDADE CAMAÇARI,CAMAÇARI,96754452000138,,,
1 - CENTRO DE FORMAÇÃO TECNICA DA BAHIA- UNIDADE DE ALAGOINHAS,CFTB,96754452000219,1,,PRIVADA
CENTRO DE FORMAÇÃO TECNICA DA BAHIA - UNIDADE DE CANDEIAS,CFTB - Candeias,96754452000308,,,
0 - CENTRO DE FORMAÇÃO TECNICA DA BAHIA - UNIDADE DE CANDEIAS,CANDEIAS,96754452000308,0,,PRIVADA
CENTRO DE FORMAÇÃO TÉCNICA EL SHADAI,,04438998000161,,,
38059 - CENTRO DE FORMAÇÃO TÉCNICA EM SAÚDE,ITABERABA,01930631000172,38059,,PRIVADA
500037604 - CENTRO DE TECNOLOGIA DA BAHIA,SALVADOR,04390848000125,500037604,,
0 - CENTRO DE TECNOLOGIA PROFISSIONAL,,,0,,
CENTRO EDUCACIONAL CENECISTA DE CENTRAL,[TRANSFERIDO PARA OUTRO CONSELHO],,,,
CENTRO EDUCACIONAL CENECISTA DE LAPAO,[TRANSFERIDO PARA OUTRO CONSELHO],,,,
CENTRO EDUCACIONAL CENECISTA DE OUROLANDIA,[TRANSFERIDO PARA OUTRO CONSELHO],,,,
CENTRO EDUCACIONAL CENECISTA DOZE DE OUTUBRO,[TRANSFERIDO PARA OUTRO CONSELHO],,,,
CENTRO EDUCACIONAL CENECISTA PROFESSORA ISABEL DE QUEIROZ,[TRANSFERIDO PARA OUTRO CONSELHO],,,,
CENTRO EDUCACIONAL CINECISTA DE PRESIDENTE DUTRA,[TRANSFERIDO PARA OUTRO CONSELHO],,,,
CENTRO EDUCACIONAL DE CORRENTINA,[TRANSFERIDO PARA OUTRO CONSELHO],,,,
CENTRO EDUCACIONAL DE ITIRUCU,[TRANSFERIDO PARA OUTRO CONSELHO],,,,
CENTRO EDUCACIONAL DE PERIPERI,[TRANSFERIDO PARA OUTRO CONSELHO],00000000000000,,,
CENTRO EDUCACIONAL DE SENHOR DO BONFIM,[TRANSFERIDO PARA OUTRO CONSELHO],,,,
CENTRO EDUCACIONAL GOVERNADOR JOAO DURVAL CARNEIRO,[TRANSFERIDO PARA OUTRO CONSELHO],,,,
CENTRO EDUCACIONAL JOÃO DURVAL CARNEIRO,[TRANSFERIDO PARA OUTRO CONSELHO],,,,
500004838 - Centro Educacional Joao Vilas Boas,[TRANSFERIDO PARA OUTRO CONSELHO],,500004838,,
CENTRO EDUCACIONAL LUIZ VIANA FILHO,[TRANSFERIDO PARA OUTRO CONSELHO],,,,
CENTRO EDUCACIONAL MAJOR JOSE MARTINS DE OLIVEIRA,[TRANSFERIDO PARA OUTRO CONSELHO],,,,
CENTRO EDUCACIONAL MIGUEL ALVES - CEMA,CAMAÇARI,73922718000109,,,PRIVADA
CENTRO EDUCACIONAL MINISTRO SPINOLA,[TRANSFERIDO PARA OUTRO CONSELHO],14606669000136,,,
1179 - CENTRO EDUCACIONAL PROFISSIONAL YSA,ALAGOINHAS,06175868000109,1179,,PRIVADA
CENTRO ESTAD. DE EDUC. PROF. EM GESTÃO E MEIO AMBIENTE,BRUMADO,13937065000100,,,PÚBLICA
20520 - CENTRO ESTADUAL DE EDUCAÇÃO PROF. DO CHOCOLATE NELSON SCHAUM,ILHÉUS,02001093000102,20520,,PÚBLICA
20519 - CENTRO ESTADUAL DE EDUCAÇÃO PROF. EM ALIMENTOS E REC. NATURAIS PIO XII,[TRANSFERIDO PARA OUTRO CONSELHO],02101867000169,20519,,PÚBLICA
CENTRO ESTADUAL DE EDUCAÇÃO PROFISSIONAL ÁGUAS,[TRANSFERIDO PARA OUTRO CONSELHO],12875715000177,,,PÚBLICA
0 - Centro Estadual de Educação Profissional Aureo de Oliveira F,,,0,,
CENTRO ESTADUAL DE EDUCAÇÃO PROFISSIONAL DA BAHIA,[TRANSFERIDO PARA OUTRO CONSELHO],,,,
11561 - CENTRO ESTADUAL DE EDUCAÇÃO PROFISSIONAL DA FLORESTA DO CACAU E DO CHOCOLATE MILTON SANTOS - CETEP FLORESTA,ARATACA,11356986000153,11561,,PÚBLICA
CENTRO ESTADUAL DE EDUCAÇÃO PROFISSIONAL DO CAMPO PAULO FREIRE,[TRANSFERIDO PARA OUTRO CONSELHO],15339809000188,,,
CENTRO ESTADUAL DE EDUCAÇÃO PROFISSIONAL DO SEMIARIDO,[TRANSFERIDO PARA OUTRO CONSELHO],13937065000100,,,
13692 - CENTRO ESTADUAL DE EDUCAÇÃO PROFISSIONAL EM BIOTECNOLOGIA E SAÚDE,ITABUNA,01933547000102,13692,,PÚBLICA
0 - CENTRO ESTADUAL DE EDUCAÇÃO PROFISSIONAL EM GESTÃO SEVERINO VIEIRA - CEEP SEVERINO VIEIRA,SALVADOR - NAZARÉ,04913367000157,0,,PÚBLICA
0 - CENTRO ESTADUAL DE EDUCAÇÃO PROFISSIONAL EM SAÚDE DO LESTE BAIANO,VALENÇA,,0,,PÚBLICA
500047367 - CENTRO ESTADUAL DE EDUCAÇÃO PROFISSIONAL EM SAUDE E GESTÃO,,02011346000110,500047367,,
"4213 - CENTRO ESTADUAL DE EDUCAÇÃO PROFISSIONAL EM SAÚDE, MEIO AMBIENTE E RECURSOS NATURAIS  DO CENTRO BAIANO JUBILINO CONENGUNDES",MORRO DO CHAPÉU - BA,03171841000150,4213,,PÚBLICA
"CENTRO ESTADUAL DE EDUCAÇÃO PROFISSIONAL EM TEC, INF. E COMUNICAÇÃO",[TRANSFERIDO PARA OUTRO CONSELHO],17298440000170,,,
1278 - CENTRO ESTADUAL DE EDUC. PROF. EM GESTÃO E TECN. DA INF. ÁLVARO MELO VIEIRA,ILHEUS,01948551000144,1278,,PÚBLICA
20528 - CENTRO ESTADUAL DE EDUC. PROFISSIONAL DO VALE DO PARAGUAÇU,MARAGOGIPE,04166465000178,20528,,PÚBLICA
CENTRO ESTADUAL PROFISSIONAL DO VALE DO PARAGUAÇU,[TRANSFERIDO PARA OUTRO CONSELHO],04166465000178,,,
4233 - CENTRO EST DE EDUC PROF C P I NEWTON SUCUPIRA,[TRANSFERIDO PARA OUTRO CONSELHO],13937065000533,4233,,PÚBLICA
482602016 - CENTRO EST DE EDUC PROF EM AP EDUC E TEC DA INF ISAIAS ALVES,[TRANSFERIDO PARA OUTRO CONSELHO],02121071000178,482602016,,PÚBLICA
1 - CENTRO EST DE EDUC PROF.EM LOG.TRANSP. L PINTO DE CARVALHO,[TRANSFERIDO PARA OUTRO CONSELHO],00000000000000,1,,PÚBLICA
CENTRO EST DE EDUC.PROF EM PROCESSO E S. I. IRMÃ DULCE,IRMÃ DULCE,02033782000190,,,PÚBLICA
1 - CENTRO EST DE EDUC PROF. EM REC NAT DO NE BAIANO,[TRANSFERIDO PARA OUTRO CONSELHO],13937065000100,1,,PÚBLICA
1 - CENTRO EST DE EDUC PROF EM REC NAT DO NOR BAIANO,01,07097217000100,1,,PÚBLICA
0 - CENTRO EST DE EDUC PROF EM SAÚDE ANÍSIO TEIXEIRA,CEAT,13937065000100,0,,PÚBLICA
1 - CENTRO EST. DE EDUC PROF.REGIS PACHECO,[TRANSFERIDO PARA OUTRO CONSELHO],13893946000176,1,,PÚBLICA
1178254 - CENTRO EST. DE EDU. PROF. EM INFORMATICA  GEST. L. C.BATISTA,CÍCERO DANTAS,10906836000103,1178254,,PÚBLICA
CENTRO EST. EDUC. PROF. EM CONTR. DO NORD. BAIANO PEDRO RIBEIRO PESSOA,CATU,01933547000102,,,PÚBLICA
CENTRO FEDERAL DE EDUCAÇÃO TECNOLÓGICA DA BAHIA  - CEFET - SALVADOR,SALVADOR - BARBALHO,13941232000196,,,
CENTRO FEDERAL DE EDUCAÇÃO TECNOLÓGICA DA BAHIA - CEFET/UNED,VITÓRIA DA CONQUISTA,,,,
CENTRO FEDERAL DE EDUCAÇÃO TECNOLÓGICA DA BAHIA- CEFET - VALENÇA,VALENÇA,13941232000196,,,
CENTRO INTEGRADO DE EDUCACAO ANISIO TEIXEIRA,[TRANSFERIDO PARA OUTRO CONSELHO],,,,
CENTRO INTEGRADO DE EDUCACAO LUIZ TARQUINIO,SEM IDENTIFICAÇÃO,00000000000000,,,
CENTRO INTEGRADO DE EDUCAÇÃO NAVARRO DE BRITO,,,,,
0 - CENTRO INTEGRADO DE EDUC DE P AFONSO L VIANA FILHO,SEM IDENTIFICAÇÃO,00000000000000,0,,PÚBLICA
CENTRO INTEGRADO DE ENSINO MEDIO E PROFISSIONAL,,,,,
500004803 - CENTRO INTEGRADO LUIS NAVARRO DE BRITO,,,500004803,,
CENTRO INTERESCOLAR AUREO DE OLIVEIRA FILHO,[TRANSFERIDO PARA OUTRO CONSELHO],,,,
CENTRO INTERESCOLAR DE NAZARE,,,,,PÚBLICA
14537 - CENTRO PROFISSIONALIZANTE DE CAMAÇARI,CPC,00237496000111,14537,,PÚBLICA
0 - CENTRO T DE EDUC PROF DO SERTAO DO S FRANCISCO,CETEP,00000000000000,0,,PÚBLICA
CENTRO TECNICO PROFISSIONAL - CETEP/IPIAU,,05211312000249,,,
2015031050 - CENTRO TÉCNICO PROFISSIONAL- CETEP- JEQUIÉ,CETEP,05211312000400,2015031050,,PRIVADA
CENTRO TÉCNICO PROFISSIONAL- PILAR,CETEP,05211312000168,,,PÚBLICA
CENTRO TÉCNICO PROFISSIONAL -SANTA LUZ,,05211312000320,,,
CENTRO TÉCNICO PROFISSIONAL- SANTA LUZ,CETEP/SL,05211312000168,,,
12373 - CENTRO TÉCNICO TEMPLÁRIOS,SÃO GONÇALO DOS CAMPOS,04463898000195,12373,,PRIVADA
CENTRO TÉCNICO VILLAS BOAS LTDA - ME,CENTRO TECNICO SIMÕES FILHO,04739053000180,,,PRIVADA
CENTRO TECNOLÓGICO DE APRENDIZAGEM SENHORA SANTANA - CETASS,ALAGOINHAS,08837453000189,,,PÚBLICA
13241 - CENTRO TECNOLÓGICO DE APRENDIZAGEM SENHORA SANTANA - CETASS,,,13241,,
CENTRO TECNOLOGICO DE EDUCAÇÃO AUREO OLIVEIRA FILHO LIVRAMENTO N.SRA.,CETEB,13937065002072,,,
CENTRO TECNOLOGICO DE INSTRUMENTAÇÃO NELSON TABOADA SOUZA,,,,,
CENTRO TECNOLOGICO EM AUTOMAÇÃO - CTA,CTA,03755356000123,,,
0 - CENTRO TERR DE EDUC PROF DA BACIA DO RIO CORRENTE,CETEP RIO CORRE,13937065000100,0,,PÚBLICA
61 - CENTRO TERR DE EDUC PROF DO LN E AGRESTE BA,CETEPA / LN,02050892000160,61,,PRIVADA
1 - CENTRO TERRI DE EDUC PROF DA B DO RIO GRANDE,CTEPBR,03387712000101,1,,PÚBLICA
0 - CENTRO TERRI DE EDUC PROF PIEMONTE DO PARAGUAÇU I,CETEP PARAGUAÇU,01991490000106,0,,PÚBLICA
CENTRO TERRIT. DE EDUC PROF. DA BACIA DO JACUÍPE 2 J. CAMPOS,NOME ANTIGO: COLÉGIO ESTADUAL JOÃO CAMPOS,01948599000152,,,PÚBLICA
1 - CENTRO TERRIT DE EDUC PROF DE VIT DA CONQUISTA,CETEPVC,13937065000100,1,,PÚBLICA
0 - CENTRO TERRITORIAL DE EDUCAÇÃO PROF. DO PORTAL DO SERTÃO,CETEP - PORTAL DO SERTÃO,00000000000000,0,,PÚBLICA
2013056379 - CENTRO TERRITORIAL DE EDUCAÇÃO PROFISSIONAL,Vitória da Conquista,13937065000100,2013056379,,PÚBLICA
2013004990 - CENTRO TERRITORIAL DE EDUCAÇÃO PROFISSIONAL DA BACIA DO PARAMIRIM,CETEP-PARAMIRIM,13937065000100,2013004990,,PÚBLICA
CENTRO TERRITORIAL DE EDUCAÇÃO PROFISSIONAL DA CHAPADA DIAMANTINA,WAGNER - BA,01994336000180,,,PÚBLICA
4213 - CENTRO TERRITORIAL DE EDUCAÇÃO PROFISSIONAL DA CHAPADA DIAMANTINA II,MORRO DO CHAPÉU - BA,03171841000150,4213,,PÚBLICA
83862013 - CENTRO TERRITORIAL DE EDUCAÇÃO PROFISSIONAL DA REGIÃO METROPOLITANA,CAMAÇARI,13937065000100,83862013,,PÚBLICA
4282 - CENTRO TERRITORIAL DE EDUCAÇÃO PROFISSIONAL DA RMS,CETEP-RMS,13937065000100,4282,,PÚBLICA
29475082 - CENTRO TERRITORIAL DE EDUCAÇÃO PROFISSIONAL DE DIAS D’ÁVILA,"CETEP - DIAS D""ÁVILA",30901200000137,29475082,,PÚBLICA
CENTRO TERRITORIAL DE EDUCAÇÃO PROFISSIONAL DE ITAPARICA,CETEP ITAPARICA,01999081000148,,,PÚBLICA
CENTRO TERRITORIAL DE EDUCAÇÃO PROFISSIONAL DO BAIXO SUL,CETEP,02021953000161,,,
20207 - CENTRO TERRITORIAL DE EDUCAÇÃO PROFISSIONAL DO EXTREMO SUL,CETEPES,04663655000109,20207,,PÚBLICA
500041636 - CENTRO TERRITORIAL DE EDUCAÇÃO PROFISSIONAL DO LITORAL NORTE E AGRESTE BAIANO,,,500041636,,
CENTRO TERRITORIAL DE EDUCAÇÃO PROFISSIONAL DO LITORAL SUL,,01971440000159,,,
CENTRO TERRITORIAL DE EDUCAÇÃO PROFISSIONAL DO MÉDIO RIO DAS CONTAS,,,,,
CENTRO TERRITORIAL DE EDUCAÇÃO PROFISSIONAL DO MEDIO SUDOESTE DA BAHIA,CETEP ITORORO,,,,
CENTRO TERRITORIAL DE EDUCAÇÃO PROFISSIONAL DO PIEMONTE DA DIAMANTINA,CTEP-P.DIAMANTI,01965798000179,,,
CENTRO TERRITORIAL DE EDUCAÇÃO PROFISSIONAL DO RECÔNCAVO,SANTO ANTÔNIO DE JESUS,05849881000133,,,PÚBLICA
29133130 - CENTRO TERRITORIAL DE EDUCAÇÃO PROFISSIONAL DO SEMI ARIDO NORDESTE II,RIBEIRA DO POMBAL,13937065000100,29133130,,PÚBLICA
1 - CENTRO TERRITORIAL DE EDUCAÇÃO PROFISSIONAL DO SERTÃO DE SÃO,JUAZEIRO,13937065000100,1,,PÚBLICA
CENTRO TERRITORIAL DE EDUCAÇÃO PROFISSIONAL DO SERTÃO PRODUTIVO,CETEP -CAETITE,05748768000161,,,
CENTRO TERRITORIAL DE EDUCAÇÃO PROFISSIONAL DO SISAL,CETEPSISAL,06748455000176,,,
29135710 - CENTRO TERRITORIAL DE EDUCAÇÃO PROFISSIONAL DO SISAL II,ARACI/BA,02038372000132,29135710,,PÚBLICA
CENTRO TERRITORIAL DE EDUCAÇÃO PROFISSIONAL DO VALE DO JEQUERIÇA,,,,,
7293 - CENTRO TERRITORIAL DE EDUCAÇÃO PROFISSIONAL DO VELHO CHICO,,03781928000149,7293,,PÚBLICA
29121809 - CENTRO TERRITORIAL DE EDUCAÇÃO PROFISSIONAL SANTA BERNADETE,QUEIMADAS,01939355000103,29121809,,PÚBLICA
CENTRO TERRITORIAL DE EDUCAÇÃO PROFISSIONAL SERTÃO SÃO,UAUA,02004084000167,,,PÚBLICA
CENTRO TERRITORIAL DE EDUCAÇÃO PROFISSONAL DO SISAL,,06748455000176,,,
CENTRO TERRITORIAL DE EDUCAÇÃO PROF. RECONCAVO II ALBERTO TORRES,CRUS DAS ALMAS,03174720000161,,,PÚBLICA
20198 - CENTRO TERRITORIAL DE EDUC. PROFISSIONAL DA BACIA DO JACUIPE,IPIRA,02069273000118,20198,,
20315 - CENTRO TERRITORIAL DE EDU. PROF. DA COSTA DO DESCOBRIMENTO,EUNÁPOLIS,05736435000112,20315,,PÚBLICA
11580 - CENTRO TERRITORIAL DE EDU. PROFISSIONAL DO VALE DO JEQUIRIÇA,AMARGOSA,02051938000166,11580,,PÚBLICA
CENTRO TERRITORIAL EDUC. PROF CONSELHEIRO SANTA RITA CASSIA,SALVADOR,02159854000140,,,PÚBLICA
0 - CENTRO TERRITORIAL EDUC PROF DO PIEMONTE NORTE DO ITAPICURU,CETEPJAGUARARI,00000000000000,0,,PÚBLICA
1640 - CENTRO UNIVERSITÁRIO AGES - UNIAGES - PARIPIRANGA,PARIPIRANGA,18867222000171,1640,,PRIVADA
3921 - CENTRO UNIVERSITÁRIO ARNALDO HORACIO FERREIRA - FAAHF,LUIS EDUARDO MAGALHÃES,06163776000109,3921,,PRIVADA
2067 - CENTRO UNIVERSITÁRIO DE CIÊNCIAS E EMPEENDEDORISMO - UNIFACEMP,SANTO ANTONIO DE JESUS,04696652000163,2067,,PRIVADA
1053 - CENTRO UNIVERSITÁRIO DE EXCELÊNCIA - UNEX - FEIRA DE SANTANA,FEIRA DE SANTANA,04670333000421,1053,,PRIVADA
1364 - CENTRO UNIVERSITÁRIO DE EXCELÊNCIA - UNEX VITÓRIA DA CONQUISTA,VITÓRIA DA CONQUISTA,04670333000189,1364,,PRIVADA
3588 - CENTRO UNIVERSITÁRIO DOM PEDRO II - UNIDOMPEDRO,SALVADOR,05817107000140,3588,,PRIVADA
2222 - CENTRO UNIVERSITÁRIO DO RIO SÃO FRANCISCO - UNIRIOS,PAULO AFONSO,03866544000129,2222,,PRIVADA
1058 - CENTRO UNIVERSITÁRIO ESTÁCIO DA BAHIA - ESTÁCIO BAHIA,SALVADOR- STIEP,94199679000133,1058,,PRIVADA
500030146 - CENTRO UNIVERSITÁRIO FAMEC - UNIFAMEC,CAMAÇARI,34699353000143,500030146,,PRIVADA
2023 - CENTRO UNIVERSITÁRIO FG - UNIFG,GUANAMBI,04097860000146,2023,,PRIVADA
1185 - CENTRO UNIVERSITÁRIO JORGE AMADO - UNIJORGE,SALVADOR,01120386000138,1185,,PRIVADA
2474 - CENTRO UNIVERSITÁRIO MARIA MILZA - UNIMAM,GOVERNADOR MANGABEIRA,04920006000138,2474,,PRIVADA
CENTRO UNIVERSITÁRIO MAURÍCIO DE NASSAU,BARREIRAS,05474470002740,,,PRIVADA
1718 - CENTRO UNIVERSITÁRIO NOBRE DE FEIRA DE SANTANA - UNIFAN,FEIRA DE SANTANA,14487128000136,1718,,PRIVADA
500065829 - CENTRO UNIVERSITÁRIO RUY BARBOSA WYDEN - UNIRUY,SALVADOR,13477369000131,500065829,,PRIVADA
3962 - CENTRO UNIVERSITÁRIO SENAI - CIMATEC,SALVADOR,03795071000116,3962,,PRIVADA
500066701 - CENTRO UNIVERSITARIO SOCIAL DA BAHIA - UNISBA,SALVADOR,33164450000764,500066701,,PRIVADA
1461 - CENTRO UNIVERSITÁRIO UNIFTC SALVADOR,SALVADOR,04670333000189,1461,,PRIVADA
0 - CENTRO UNIVERSITÁRIO UNIME - UNIME,LAURO DE FREITAS,03239470000109,0,,PRIVADA
500060517 - CENTRO UNIVERSITÁRIO UNIRB - ALAGOINHAS,ALAGOINHAS,28844791000155,500060517,,PRIVADA
2076 - CENTRO UNIVERSITÁRIO UNIRB - UNIRB - SALVADOR,SALVADOR - BA,28844791000155,2076,,PRIVADA
1 - CEPEP- CENTRO DE EST PROF E EDUC PELOURINHO,CEPEP,13746720000142,1,,PÚBLICA
0 - Ceteba Centro de Estudos Tecnicos da Bahia,SALVADOR,,0,,
11512 - CETEP - CENTRO TERRITORIAL DE EDUCAÇÃO PROFISSIONAL DE IRECÊ,IRECÊ,02020566000100,11512,,PÚBLICA
CFTP - CENTRO DE FORMAÇÃO TECNICA PROFISSIONAL LTDA.,Senhor do Bonfim,07711028000186,,,PRIVADA
COLEGIO AGRICOLA ALVARO NAVARRO RAMOS,CATU,00000000000000,,,
COLÉGIO ALBERTO EINSTEIN,,,,,
2756 - COLÉGIO BATISTA DE BARREIRAS-CBB,BARREIRAS,13230586000122,2756,,
524582016 - COLÉGIO BATISTA NOVA SIÃO,SENHOR DO BONFIM,16248882000149,524582016,,PRIVADA
COLEGIO CENECISTA DE PRESIDENTE PRUDENTE,[TRANSFERIDO PARA OUTRO CONSELHO],,,,
COLÉGIO CENECISTA PRESIDENTE DUTRA,SEM IDENTIFICAÇÃO,00000000000000,,,
COLEGIO CLAUDIO ABILIO ARAGAO,,,,,
COLEGIO COMERCIAL DE GUANAMBI,GUANAMBI,,,,
COLEGIO DA POLICIA MILITAR,,,,,
COLEGIO DE PRESIDENTE DUTRA,,,,,
COLEGIO E CURSO DINAMICO,COLEGIO E CURSO DINAMICO,06088478000100,,,PRIVADA
COLEGIO EDUCACIONAL DE BONITO,BONITO - BA,,,,
4302 - COLÉGIO ESTADUAL APLICAÇÃO ANÍSIO TEIXEIRA,MURIÇOCA/SALVADOR,02025966000109,4302,,PÚBLICA
COLÉGIO ESTADUAL CIDADE DE CAMAÇARI,[TRANSFERIDO PARA OUTRO CONSELHO],13937065000100,,,
COLEGIO ESTADUAL DA BAHIA,,,,,
COLÉGIO ESTADUAL DA BAHIA,CENTRAL,04910305000191,,,PÚBLICA
29282977 - COLÉGIO ESTADUAL DE CASA NOVA,CASA NOVA,40631605000103,29282977,,PÚBLICA
COLEGIO ESTADUAL DE FEIRA DE SANTANA,DESATIVADA,00000000000000,,,
COLEGIO ESTADUAL DE ITABUNA,,,,,
COLEGIO ESTADUAL DEMOCRATICO PROFESSOR JOSUE BRANDAO,,,,,
25019 - COLÉGIO ESTADUAL DEPUTADO LUIS EDUARDO MAGALHÃES,LUIS EDUARDO MAGALHÃES,03892238000167,25019,,PÚBLICA
COLÉGIO ESTADUAL DE SEABRA,SEABRA,01952150000168,,,PÚBLICA
COLÉGIO ESTADUAL DE UBATÃ,,,,,
1 - COLEGIO ESTADUAL DO CAMPO DE CASTRO ALVES,,,1,,PÚBLICA
500060037 - COLÉGIO ESTADUAL DOUTOR JOSÉ CARVALHO BAPTISTA,RIO REAL,02000103000187,500060037,,PRIVADA
COLEGIO ESTADUAL DUQUE DE CAXIAS,,,,,
592512016 - COLÉGIO ESTADUAL EDILSON FREIRE,MARACÁS,03205577000128,592512016,,PÚBLICA
COLÉGIO ESTADUAL ERNESTO CARNEIRO RIBEIRO,CEECR,02052244000143,,,
COLÉGIO ESTADUAL GOVERNADOR ANTONIO CARLOS MAGALHÃES,VÁRZEA DA ROÇA,02212189000101,,,PÚBLICA
COLÉGIO ESTADUAL GOVERNADOR LUIZ VIANA FILHO,,,,,
COLÉGIO ESTADUAL GOVERNADOR ROBERTO SANTOS,,,,,
COLEGIO ESTADUAL HUMBERTO SOUZA LEAL,CETEB,13937065002072,,,
20716 - COLÉGIO ESTADUAL JOÃO CARDOSO DOS SANTOS,VALENÇA,06351008000189,20716,,PÚBLICA
COLÉGIO ESTADUAL JOÃO VILAS BOAS,,,,,
COLEGIO ESTADUAL JOSE AMANCIO FILHO,,01979278000115,,,
4280 - COLÉGIO ESTADUAL JOSÉ DE FREITAS MASCARENHAS,CAMAÇARI - BA,01988447000183,4280,,PÚBLICA
11510 - COLÉGIO ESTADUAL JOSÉ RIBEIRO DE ARAÚJO - CEJRA,CEJRA,01910252000110,11510,,PÚBLICA
COLÉGIO ESTADUAL JOSUÉ BRANDÃO,,,,,
COLÉGIO ESTADUAL LUIZ JOSÉ DE OLIVEIRA,FAZENDA GRANDE,01971644000190,,,PÚBLICA
COLÉGIO ESTADUAL LUIZ TARQUINIO,[TRANSFERIDO PARA OUTRO CONSELHO],00000000000000,,,
COLEGIO ESTADUAL LUIZ VIANA,SALVADOR,02159854000140,,,
COLEGIO ESTADUAL MANOEL DEVOTO,SALVADOR,00000000000000,,,
COLÉGIO ESTADUAL OSCAR OLIVEIRA NASCIMENTO,EUCLIDES DA CUNHA,01936401000110,,,PÚBLICA
COLÉGIO ESTADUAL OTTO ALENCAR,,03299190000188,,,
500067090 - COLEGIO ESTADUAL PEDRO CALMON,PEDRO CALMON,02072075000103,500067090,,PÚBLICA
COLEGIO ESTADUAL POLIVALENTE DE CANDEIAS,,,,,
COLÉGIO ESTADUAL POLIVALENTE DE ITAMBÉ,CEPI,02026304000153,,,
4185 - COLÉGIO ESTADUAL POLIVALENTE EDIVALDO MACHADO BOAVENTURA,JEQUIÉ,02013815000130,4185,,PÚBLICA
COLEGIO ESTADUAL PRESIDENTE COSTA E SILVA,,,,,
COLEGIO ESTADUAL REITOR EDGARD SANTOS,EDGARD SANTOS,01979307000149,,,
COLEGIO ESTADUAL REITOR MIGUEL CALMON,,,,,
1 - COLÉGIO ESTADUAL ROMULO ALMEIDA,,,1,,PÚBLICA
52714 - COLÉGIO ESTADUAL RÔMULO GALVÃO,SÃO FÉLIX - BA,04768785000106,52714,,PÚBLICA
COLEGIO ESTADUAL SETE DE SETEMBRO,SETE,02014300000155,,,
COLÉGIO ESTADUAL TEREZA BORGES DE CERQUEIRA,,,,,
COLÉGIO EUZÉBIO DE QUEIROZ,,,,,
COLEGIO FLORESTAL,[TRANSFERIDO PARA OUTRO CONSELHO],,,,
COLEGIO IMACULADA CONCEICAO DE ITIUBA,,,,,
COLEGIO JOANA D'ARC,JOANA D'ARC,13055330000126,,,
COLEGIO NORMAL DIOCESANO,VITÓRIA DA CONQUISTA,00000000000000,,,
COLEGIO NOSSA SENHORA DA GRACA,[TRANSFERIDO PARA OUTRO CONSELHO],,,,
14269 - COLÉGIO OBJETIVO DE BRUMADO,BRUMADO,07284770000152,14269,,PRIVADA
COLEGIO PAULO AFONSO,[TRANSFERIDO PARA OUTRO CONSELHO],,,,
COLEGIO POLITÉCNICO HUMBERTO RIBEIRO REIS,,06131369000110,,,
2014061064 - COLÉGIO POLIVALENTE DE ITANHÉM,CPI,01963914000110,2014061064,,PÚBLICA
29282927 - COLEGIO POLIVALENTE DE ITAPETINGA,ITAPETINGA,02084411000138,29282927,,PRIVADA
COLÉGIO PROFESSORA NICE PUBLIO DA SILVA LEITE,,,,,
COLÉGIO SALESIANO DE SALVADOR,Salesiano,15148505000175,,,
COLEGIO SANTANOPOLIS,,,,,
COLÉGIO SÃO SEBASTIÃO,,,,,
COLEGIO TECNICO COMERCIAL NOSSA SENHORA DAS MERCES,[TRANSFERIDO PARA OUTRO CONSELHO],,,,
COLEGIO TECNICO FUNDACAO JOSE CARVALHO,[TRANSFERIDO PARA OUTRO CONSELHO],,,,
42834 - COLÉGIO TÉCNICO FUNDAÇÃO JOSÉ CARVALHO,POJUCA,13962766000107,42834,,PRIVADA
0 - COL EST PRES HUMBERTO DE ALENCAR CASTELO BRANCO,CEHACB,00000000000000,0,,PÚBLICA
COMPLEXO ESCOLAR ALBERTO TORRES,CRUZ DAS ALMAS,00000000000000,,,
COMPLEXO ESCOLAR PRESIDENTE HUMBERTO DE ALENCAR C BRANCO,[TRANSFERIDO PARA OUTRO CONSELHO],,,,
COOPENAZA COOPERATIVA EDUCACIONAL DE NAZARÉ,COOPENAZA,02316563000119,,,
DEPARTAMENTO DE ENSINO SUPLETIVO DA BAHIA,,,,,
EDUCANDARIO RECANTO FELIZ,,,,,
ENGENHARIA FLORESTAL,,1,,,PÚBLICA
ESCOLA AGRÍCOLA DA BAHIA,CRUZ DAS ALMAS,00000000000000,,,PÚBLICA
ESCOLA AGROTECNICA CENECISTA PROFESSOR LUIZ ROGERIO,[TRANSFERIDO PARA OUTRO CONSELHO],,,,
ESCOLA AGROTECNICA DE CASA NOVA,[TRANSFERIDO PARA OUTRO CONSELHO],,,,
ESCOLA AGROTECNICA DE RIACHÃO DE JACUIPE,[TRANSFERIDO PARA OUTRO CONSELHO],07803573000100,,,
500005036 - Escola Agrotecnica de Ribeira do Pombal,,,500005036,,
ESCOLA AGROTECNICA PROFESSORA ANACI PAIM,[TRANSFERIDO PARA OUTRO CONSELHO],13937065002072,,,
ESCOLA ANGELINA ASSIS,[TRANSFERIDO PARA OUTRO CONSELHO],,,,
ESCOLA BAHIANA DE CIÊNCIA E TECNOLOGIA - FBE,FBE,01837688000121,,,
ESCOLA DE 2º GRAU JOAQUIM DA ROCHA MEDEIROS,SANTA MARIA DA VITÓRIA,00000000000000,,,PRIVADA
500004447 - Escola de Agricultura da Regiao de Irece ESAGRI,,,500004447,,
"ESCOLA DE EDUCAÇÃO BÁSICA E PROFISSIONAL ""FUNDAÇÃO BRADESCO""",,,,,
399 - ESCOLA DE ENGENHARIA DE AGRIMENSURA - EEA,SALVADOR - JOANA ANGÉLICA,15104201000106,399,,PRIVADA
ESCOLA DE ENGENHARIA ELETROMECANICA DA BAHIA,SALVADOR - NAZARÉ,15104201000106,,,
ESCOLA DE ENGENHARIA ELETROMECÂNICA DA BAHIA - ITABUNA,ITABUNA,04390848000206,,,PRIVADA
ESCOLA DE ENGENHARIA ELETROMECÂNICA DA BAHIA - ITABUNA,ITABUNA,04390848000206,,,PRIVADA
0 - ESCOLA DE ENSINO TÉCNICO IRMÃ SHEILA,DIAS D AVILA,41978438000126,0,,
20169 - ESCOLA DE FORMAÇÃO TÉCNICA DE SAÚDE DRA VALQUIRIA SATURNINO - JUAZEIRO,JUAZEIRO - BA,05793817000188,20169,,PRIVADA
ESCOLA DE FORMAÇÃO TECNICA EM SAUDE CARNEIRO DO VALE,,00625150000271,,,
21473 - ESCOLA DE FORMAÇÃO TÉCNICA JOSEFA GOMES - EFOTEJ,PAULO AFONSO,09537769000118,21473,,
1893 - ESCOLA DE NEGÓCIOS DO ESTADO DA BAHIA - ENEB,FEIRA DE SANTANA,04006586000233,1893,,
ESCOLA DE PRIMEIRO E SEGUNDO GRAUS PROFESSOR ADOLFO ARRUDA MELL,[TRANSFERIDO PARA OUTRO CONSELHO],,,,
0 - Escola de Processamento de Dados da Bahia,[SEM CADASTRO],,0,,PÚBLICA
ESCOLA DE SEGUNDO GRAU JOSE DE FREITAS MASCARENHAS,[TRANSFERIDO PARA OUTRO CONSELHO],,,,
29446570 - ESCOLA ESTADUAL INDIGENA TUPINAMBA SERRA DO PADEIRO,[TRANSFERIDO PARA OUTRO CONSELHO],10841520000180,29446570,,PÚBLICA
ESCOLA ESTADUAL JOSE DE FREITAS MASCARENHAS,[TRANSFERIDO PARA OUTRO CONSELHO],,,,
ESCOLA FAMÍLIA AGRÍCOLA DA REGIÃO DE ALAGOINHAS,[TRANSFERIDO PARA OUTRO CONSELHO],13341177000101,,,
30992 - ESCOLA FAMÍLIA AGRÍCOLA DE ANDARAÍ - EFAA,ANDARAÍ,16101150000121,30992,,PÚBLICA
ESCOLA FAMÍLIA AGRÍCOLA DE BOQUIRA,[TRANSFERIDO PARA OUTRO CONSELHO],13224985000180,,,
0 - Escola Família Agrícola de Caculé,,13236559000167,0,,PÚBLICA
ESCOLA FAMÍLIA AGRÍCOLA DE CACULÉ,[TRANSFERIDO PARA OUTRO CONSELHO],13236559000167,,,
ESCOLA FAMÍLIA AGRÍCOLA DE JABOTICABA,[TRANSFERIDO PARA OUTRO CONSELHO],13902291000155,,,
ESCOLA FAMILIA AGRICOLA DE SANTANA- PADRE ARTHUR BIRK,[TRANSFERIDO PARA OUTRO CONSELHO],16424657000116,,,
ESCOLA FAMILIA AGRICOLA DO LITORAL NORTE,[TRANSFERIDO PARA OUTRO CONSELHO],07491609000150,,,
ESCOLA FAMÍLIA AGRÍCOLA DO SERTÃO - EFASE,[TRANSFERIDO PARA OUTRO CONSELHO],02393242000118,,,
1 - ESCOLA FAMÍLIA AGRÍCOLA DOS MUNICÍPIOS INTEGRADOS NA REGIÃO DE IRARÁ,IRARÁ,08277270000156,1,,PÚBLICA
ESCOLA FAMILIA AGRICOLA JOSE NUNES DA MATA,ANGICAL,00826201000142,,,PÚBLICA
ESCOLA FAMILIA AGRÍCOLA MÃE JOVINA,[TRANSFERIDO PARA OUTRO CONSELHO],,,,
29377510 - ESCOLA FAMÍLIA AGRÍCOLA PADRE ANDRÉ,CORRENTINA,01547904000102,29377510,,PÚBLICA
ESCOLA FAMÍLIA AGRÍCOLA RIACHO DE SANTANA,[TRANSFERIDO PARA OUTRO CONSELHO],14396360000169,,,
500004269 - ESCOLA MEDIA DE AGRICULTURA DA REGIAO CACAUEIRA EMARC,ITAPETINGA,00000000000000,500004269,,PÚBLICA
ESCOLA MEDIA DE AGROPECUARIA REGIONAL CEPLAC - EMARC - TEIXEIRA,TEIXEIRA DE FREITAS,,,,PÚBLICA
ESCOLA MÉDIA DE AGROPECUARIA REGIONAL DA CEPLAC - EMARC - VALENÇA,VALENÇA,,,,PÚBLICA
ESCOLA NORMAL CENECISTA DE BAIXA GRANDE,[TRANSFERIDO PARA OUTRO CONSELHO],,,,
ESCOLA PROFISSIONALIZANTE EM AGROPECUARIA,[TRANSFERIDO PARA OUTRO CONSELHO],,,,
14063 - ESCOLA PROTEC CURSOS TECNICOS PROFISSIONALIZANTES - PROTEC,CAMAÇARI,08208278000160,14063,,PRIVADA
500003670 - Escola Tecnica Aureo de Oliveira Filho,,,500003670,,
0 - ESCOLA TECNICA AUREO DE OLIVEIRA FILHO,,,0,,
ESCOLA TÉCNICA DA BAHIA - ETEBA,ETEBA,,,,
ESCOLA TECNICA DE ALAGOINHAS-COLEGIO RENOVAÇÃO,ETA,02100090000118,,,PÚBLICA
2170 - ESCOLA TÉCNICA DE ALAGOINHAS - COLÉGIO RENOVAÇÃO,[TRANSFERIDO PARA OUTRO CONSELHO],02162985000420,2170,,PRIVADA
0 - ESCOLA TÉCNICA DE SAÚDE MARIA PASTOR,,,0,,PRIVADA
ESCOLA TECNICA ELETROMECANICA DA BAHIA,SALVADOR- NAZARÉ,00000000000000,,,
ESCOLA TÉCNICA EM MINERAÇÃO DE SERRINHA,[TRANSFERIDO PARA OUTRO CONSELHO],,,,
ESCOLA TÉCNICA FAMÍLIA AGRÍCOLA DIVINA PASTORA,MUNDO NOVO,14815153000100,,,PRIVADA
500003688 - ESCOLA TÉCNICA FEDERAL DA BAHIA,[NOME ANTIGO],,500003688,,
ESCOLA TECNICA MUNICIPAL PROF.RAIMUNDO DE ALCANTARA SILVA,[TRANSFERIDO PARA OUTRO CONSELHO],,,,
ESCOLA TECNICA PRECONST,PRECONST,10536409000180,,,
500070792 - ESCOLA TÉCNICA STAR BRASIL,SALVADOR,20706568000130,500070792,,PRIVADA
ETFABA- ESCOLA TÉCNICA DA FAMILIA AGRICOLA DA BAHIA,RIACHO DE SANTANA,14396360000169,,,
ETFBA - ESCOLA TECNICA FEDERAL DA BAHIA,SALVADOR - BARBALHO,00000000000000,,,
201352822 - FACBRAS- FACULDADE UNIBRAS DA BAHIA,JUAZEIRO,16682807000191,201352822,,PRIVADA
18708 - FACULDADE AGES DE SENHOR DO BONFIM - AGES - SENHOR DO BONFIM,SENHOR DO BONFIM - BA,18867222000171,18708,,PRIVADA
2658 - FACULDADE AMECTRABUCO,,03978208000178,2658,,
500059284 - FACULDADE ANHANGUERA DE FEIRA DE SANTANA,FEIRA DE SANTANA,38733648001979,500059284,,PRIVADA
500064075 - FACULDADE ANHANGUERA DE ITABUNA,ITABUNA,14793478001526,500064075,,PRIVADA
19260 - FACULDADE ANHANGUERA DE JEQUIÉ,JEQUIÉ,38733648006180,19260,,PRIVADA
500064172 - FACULDADE ANHANGUERA DE SALVADOR,SALVADOR - PARALELA,03395289000183,500064172,,PRIVADA
21553 - FACULDADE ANHANGUERA DE SANTO ANTÔNIO DE JESUS,SANTO ANTÔNIO DE JESUS - BA,38733648009600,21553,,PRIVADA
500038813 - FACULDADE ANHANGUERA DE TEIXEIRA DE FREITAS,TEIXEIRA DE FREITAS,38733648002193,500038813,,PRIVADA
18625 - FACULDADE ANHANGUERA DE VITÓRIA DA CONQUISTA,VITÓRIA DA CONQUISTA,38733648004307,18625,,PRIVADA
1643 - FACULDADE ANÍSIO TEIXEIRA DE FEIRA DE SANTANA - FAT,FEIRA DE SANTANA,01149432000121,1643,,PRIVADA
1410 - FACULDADE ÁREA 1 WYDEN - ÁREA 1 wyden,SALVADOR,03681572000171,1410,,PRIVADA
500066752 - FACULDADE BRASILEIRA DO RECÔNCAVO - FBRB,CRUZ DAS ALMAS,35543437000156,500066752,,PRIVADA
447 - FACULDADE CATÓLICA DE CIÊNCIAS ECONÔMICAS DA BAHIA - FACCEBA,[DESCREDENCIADA DO MEC],,447,,
500066558 - FACULDADE DA REGIÃO SISALEIRA - FARESI,CONCEIÇÃO DO COITÉ,13761722000100,500066558,,PRIVADA
500004129 - Faculdade de Arquitetura da UFBA,SALVADOR,00000000000000,500004129,,PÚBLICA
FACULDADE DE ARQUITETURA UNIVERSIDADE DA BAHIA,SALVADOR,,,,PÚBLICA
"1782 - FACULDADE DE ARTES, CIÊNCIAS E TECNOLOGIAS - FACET",FACET,,1782,,
500005125 - FACULDADE DE CIÊNCIA E TECNOLOGIA ÁREA 1,,,500005125,,
0 - FACULDADE DE CIÊNCIAS DA BAHIA - FACIBA,,,0,,
500063613 - FACULDADE DE CIÊNCIAS EDUCACIONAIS CAPIM GROSSO,CAPIM GROSSO,13569627000100,500063613,,PRIVADA
2570 - FACULDADE DE CIÊNCIAS EDUCACIONAIS - FACE,,,2570,,
2067 - FACULDADE DE CIÊNCIAS E EMPREENDEDORISMO - FACEMP,SANTO ANTÔNIO DE JESUS,,2067,,PRIVADA
2427 - FACULDADE DE CIÊNCIAS GERENCIAIS DA BAHIA,,,2427,,
2560 - FACULDADE DE ENSINO SUPERIOR DA CIDADE DE FEIRA DE SANTANA - FAESF/UNEF,FEIRA DE SANTANA,03401083000119,2560,,PRIVADA
500033927 - FACULDADE DE EXCELÊNCIA UNEX DE ITABUNA - UNEX ITABUNA,ITABUNA,04670333000189,500033927,,PRIVADA
1645 - FACULDADE DE EXCELÊNCIA UNEX DE JEQUIÉ - UNEX JEQUIÉ,JEQUIÉ,04670333000189,1645,,PRIVADA
500068437 - FACULDADE DE ILHEUS,ILHÉUS,04245712000121,500068437,,PRIVADA
3034 - FACULDADE DELTA,SALVADOR - BA,,3034,,PRIVADA
FACULDADE DE SALVADOR,,,,,
10058 - FACULDADE DE TECNOLOGIA DE - FACTIVA,VALENÇA-BA,04017220000189,10058,,PRIVADA
12922 - FACULDADE DE TECNOLOGIA E CIÊNCIAS DA BAHIA,ALAGOINHAS,02268349000134,12922,,PRIVADA
1645 - FACULDADE DE TECNOLOGIA E CIÊNCIAS DE JEQUIÉ - FTC JEQUIÉ,JEQUIÉ,04670333000189,1645,,PRIVADA
FACULDADE DE TECNOLOGIA E CIÊNCIAS - FTC - FEIRA DE SANTANA,FEIRA DE SANTANA,04670333000189,,,PRIVADA
1364 - FACULDADE DE TECNOLOGIA E CIÊNCIAS - FTC - VITÓRIA DA CONQUISTA,VITÓRIA DA CONQUISTA - BA,,1364,,PRIVADA
FACULDADE DE TECNOLOGIA ENGENHEIRO MARCELO SILVA GUIMARÃES,CEAT,05461879000192,,,
14996 - FACULDADE DIPLOMATA,SALVADOR,15121017000174,14996,,PRIVADA
23146 - FACULDADE DOMINIUS - FAD,GUANAMBI -  BA,24235121000180,23146,,PRIVADA
500049203 - FACULDADE DOM LUIS DE ORLEANS E BRAGANÇA,FARRP,09652671000101,500049203,,
3669 - FACULDADE DOM LUIZ DE ORLEANS E BRAGANÇA,RIBEIRA DO POMBAL,09652671000101,3669,,PRIVADA
4460 - FACULDADE DOM PEDRO II DE TECNOLOGIA - FDP II Tec,SALVADOR,,4460,,PRIVADA
500060045 - FACULDADE DO NORDESTE DA BAHIA - FANEB,CORONEL JOÃO SÁ,07999769000104,500060045,,PRIVADA
1790 - FACULDADE DO SUL DA BAHIA - FASB,TEIXEIRA DE FREITAS,03760257000130,1790,,PRIVADA
2944 - FACULDADE DO SUL - FACSUL,ITABUNA,14793478001526,2944,,PRIVADA
2163 - FACULDADE EUGENIO GOMES,Ipirá,01347902000161,2163,,PRIVADA
0 - FACULDADE HÉLIO ROCHA - FHR,SALVADOR,03466601000182,0,,PRIVADA
500042900 - FACULDADE INDEPENDENTE DO NORDESTE - FAINOR,VITÓRIA DA CONQUISTA,03262477000133,500042900,,PRIVADA
3230 - FACULDADE LUIS EDUARDO MAGALHÃES,LUIS EDUARDO MAGALHÃES,05369688000103,3230,,PRIVADA
500063559 - FACULDADE MADRE THAIS,ILHÉUS,05402067000176,500063559,,PRIVADA
FACULDADE MONTENEGRO,CADASTRO SUSPENSO NO CREA-BA,14359764000182,,,
500038813 - FACULDADE PITAGORAS DE TEIXEIRA DE FREITAS,TEIXEIRA DE FREITAS,,500038813,,PRIVADA
4739 - FACULDADE PRESBITERIANA AUGUSTO GALVÃO - FAPAG,CAMPO FORMOSO,13803044000100,4739,,PRIVADA
2076 - FACULDADE REGIONAL DA BAHIA - FARB,SALVADOR -BA,,2076,,PRIVADA
500043876 - FACULDADE SANTISSIMO SACRAMENTO,Alagoinhas,34146282000151,500043876,,PRIVADA
17433 - FACULDADE SANTO AGOSTINHO DE VITÓRIA DA CONQUISTA - FASAVIC,VITÓRIA DA CONQUISTA,03735981000880,17433,,PRIVADA
3285 - FACULDADE SANTO ANTÔNIO - FSA,ALAGOINHAS - BA,05423928000100,3285,,PRIVADA
2581 - FACULDADE SÃO SALVADOR - FSS,Salvador,03871465000106,2581,,PRIVADA
3609 - FACULDADES INTEGRADAS IPITANGA - FACIIP,LAURO DE FREITAS,37506747000126,3609,,PRIVADA
2499 - FACULDADE SOCIAL SUL AMERICANA - UNIFASS,LAURO DE FREITAS,04953427000165,2499,,PRIVADA
21226 -  FACULDADE SUDOESTE - FASU - UNIGRAD,VITÓRIA DA CONQUISTA,11392888000171,21226,,PRIVADA
2037 - FACULDADE UNIME DE CIÊNCIAS EXATAS E TECNOLÓGICAS - UNIME - LAURO DE FREITAS,LAURO DE FREITAS,02959800000160,2037,,PRIVADA
1910 - FACULDADE UNINASSAU LAURO DE FREITAS - UNINASSAU,LAURO DE FREITAS,04073841000180,1910,,PRIVADA
1318 - FACULDADE UNINASSAU VITÓRIA DA CONQUISTA,VITÓRIA DA CONQUISTA - BA,63182539000129,1318,,PRIVADA
15504 - FAI - FACULDADE IRECÊ,IRECÊ,10854658000114,15504,,PRIVADA
0 - FARAL - UNIRB - FACULDADE REGIONAL DE ALAGOINHAS,ALAGOINHAS,28844791000155,0,,PRIVADA
1893 - FARB-UNIRB - FACULDADE REGIONAL DA BAHIA DE FEIRA DE SANTANA,FEIRA DE SANTANA,12447274000155,1893,,PRIVADA
500067651 - FAZAG-FACULDADE ZACARIAS DE GÓES,CREA-BABA00001640323894,04032307000125,500067651,,PRIVADA
FUNDAÇÃO EDUCACIONAL TEIXEIRA DE FREITAS - COLÉGIO DINÂMICO,,07423475000130,,,
FUNDAÇÃO ESCOLA BAHIANA DE ENGENHARIA - FBE,[TRANSFERIDO PARA OUTRO CONSELHO],01837688000121,,,
FUNDAÇÃO JOSÉ CARVALHO- ESCOLA RURAL ROLF WEINBERG,MATA DE SÃO JOÃO,13962766000107,,,PRIVADA
44563 - GRAU TÉCNICO - UNIDADE CAJAZEIRAS,SALVADOR - CAJAZEIRAS,22866298000150,44563,,PRIVADA
1 - IFBAIANO-INSTITUTO FED. DE EDUC. CIÊNCIA E TECNOLOGIA BAIANO,GUANAMBI,10724903000411,1,,PÚBLICA
1 - IFBAIANO-INSTITUTO FED. DE EDUC. CIÊNCIA E TECNOLOGIA BAIANO,SENHOR DO BONFIM,10724903000179,1,,PÚBLICA
46427 - IMG CURSOS,ITABUNA,05507255000169,46427,,PRIVADA
INSTITUIÇÃO PADRÃO PARA LIMPEZA DO SITAC,EXCLUIR,,,,
2085 -  INSTITUTO BAIANO DE ENSINO SUPERIOR - IBES,SALVADOR,06099229001264,2085,,PRIVADA
INSTITUTO BAIANO PROFISSIONALIZANTE,IBP,12622922000110,,,
20868 - INSTITUTO BRASILEIRO DE CIÊNCIA E TECNOLOGIA,Ihéus,06168418000199,20868,,PÚBLICA
INSTITUTO CULTURAL E DE PERÍCIA TÉCNICA CIENTIFICA DA BAHIA ICTEBA,ICTEBA,,,,
INSTITUTO DE EDUCACAO ANISIO TEIXEIRA,SEM IDENTIFICAÇÃO,00000000000000,,,
INSTITUTO DE EDUCACAO ANISIO TEIXEIRA DE CAETITE,,,,,
INSTITUTO DE EDUCAÇÃO E TECNOLOGIAS - INET,INET,05116251000150,,,
1123 - INSTITUTO DE EDUCAÇÃO SUPERIOR UNYAHNA DE SALVADOR - IESUS,,01221872000142,1123,,PRIVADA
500065160 - INSTITUTO DE PÓS GRADUAÇÃO E GRADUAÇÃO - IPOG,SALVADOR,04688977000102,500065160,,PRIVADA
INSTITUTO DE TECNOLOGIA DA BAHIA - ITEBA,SALVADOR,96713078000122,,,PRIVADA
INSTITUTO DE TECNOLOGIA DE CAMAÇARI,ITEBA,07395837000126,,,PRIVADA
0 - INSTITUTO DO CONHECIMENTO DA BAHIA - ICB,CANDEIAS - BA,20664238000129,0,,PRIVADA
13832 - INSTITUTO EDUCACIONAL DO OESTE BAIANO,LUIS EDUARDO MAGALHÃES,07623156000178,13832,,PÚBLICA
"2948 - INSTITUTO FEDERAL DE EDUCAÇÃO, CIÊNCIA E TECNOLOGIA BAIANO",ITAPETINGA,10724903000764,2948,,PÚBLICA
"1 - INSTITUTO FEDERAL DE EDUCAÇÃO, CIÊNCIA E TECNOLOGIA BAIANO",VALENÇA,00000000000000,1,,PÚBLICA
"13623 - INSTITUTO FEDERAL DE EDUCAÇÃO, CIÊNCIA E TECNOLOGIA BAIANO",BOM JESUS DA LAPA,10724903000683,13623,,PÚBLICA
"INSTITUTO FEDERAL DE EDUCAÇÃO,CIÊNCIA E TECNOLOGIA BAIANO - IFBAIANO - CATU -",CATU,,,,PÚBLICA
"INSTITUTO FEDERAL DE EDUCAÇÃO, CIÊNCIA E TECNOLOGIA BAIANO - IFBAIANO - SANTA INÊS",SANTA INÊS,10724903000250,,,PÚBLICA
"14509 - INSTITUTO FEDERAL DE EDUCAÇÃO, CIÊNCIA E TECNOLOGIA BAIANO - IFBAIANO - TEIXEIRA FREITAS",TEIXEIRA DE FREITAS,10724903000845,14509,,PÚBLICA
INSTITUTO FEDERAL DE EDUCAÇÃO CIÊNCIA E TECNOLOGIA BAIANO - IFBAIANO - URUÇUCA,URUÇUCA,,,,PÚBLICA
"14509 - INSTITUTO FEDERAL DE EDUCAÇÃO, CIÊNCIA E TECNOLOGIA BAIANO - IFBAIANO - URUÇUCA",URUÇUCA,10724903000179,14509,,PÚBLICA
"500064008 - INSTITUTO FEDERAL DE EDUCAÇÃO, CIÊNCIA E TECNOLOGIA DA BAHIA",JUAZEIRO,10764307002085,500064008,,PÚBLICA
"INSTITUTO FEDERAL DE EDUCAÇÃO, CIÊNCIA E TECNOLOGIA DA BAHIA - BARREIRAS",BARREIRAS,13941232000196,,,PÚBLICA
"0 - INSTITUTO FEDERAL DE EDUCAÇÃO, CIÊNCIA E TECNOLOGIA DA BAHIA - CAMAÇARI",CAMAÇARI,00000000000000,0,,PÚBLICA
"32035 - INSTITUTO FEDERAL DE EDUCAÇÃO, CIÊNCIA E TECNOLOGIA DA BAHIA - EUCLIDES DA CUNHA",EUCLIDES DA CUNHA,10764307000112,32035,,PÚBLICA
"INSTITUTO FEDERAL DE EDUCAÇÃO, CIÊNCIA E TECNOLOGIA DA BAHIA - EUNÁPOLIS",EUNÁPOLIS,13941232000196,,,PÚBLICA
"INSTITUTO FEDERAL DE EDUCAÇÃO, CIÊNCIA E TECNOLOGIA DA BAHIA - IFBA - BRUMADO",BRUMADO,10764307001860,,,PÚBLICA
"599 - INSTITUTO FEDERAL DE EDUCAÇÃO, CIÊNCIA E TECNOLOGIA DA BAHIA - IFBA - FEIRA DE SANTANA",FEIRA DE SANTANA,10764307000201,599,,PÚBLICA
"9900722535 - INSTITUTO FEDERAL DE EDUCAÇÃO, CIÊNCIA E TECNOLOGIA DA BAHIA - IFBA - ILHÉUS",ILHÉUS,10764307001437,9900722535,,PÚBLICA
"599 - INSTITUTO FEDERAL DE EDUCAÇÃO, CIÊNCIA E TECNOLOGIA DA BAHIA -  IFBA - JEQUIÉ",JEQUIÉ,10764307001275,599,,PÚBLICA
"INSTITUTO FEDERAL DE EDUCAÇÃO, CIÊNCIA E TECNOLOGIA DA BAHIA - IFBA - SALVADOR",SALVADOR,13941232000196,,,PÚBLICA
"599 - INSTITUTO FEDERAL DE EDUCAÇÃO, CIÊNCIA E TECNOLOGIA DA BAHIA - IFBA - SALVADOR",SALVADOR,10764307000627,599,,PÚBLICA
"9900716258 - INSTITUTO FEDERAL DE EDUCAÇÃO, CIÊNCIA E TECNOLOGIA DA BAHIA -IFBA- SEABRA",SEABRA,10764307001607,9900716258,,PÚBLICA
"INSTITUTO FEDERAL DE EDUCAÇÃO, CIÊNCIA E TECNOLOGIA DA BAHIA - IFBA - SIMÕES FILHO",SIMÕES FILHO,10764307000627,,,PÚBLICA
"599 - INSTITUTO FEDERAL DE EDUCAÇÃO, CIÊNCIA E TECNOLOGIA DA BAHIA - IFBA - SIMÕES FILHO",SIMÕES FILHO,10764307000627,599,,PÚBLICA
"INSTITUTO FEDERAL DE EDUCAÇÃO, CIÊNCIA E TECNOLOGIA DA BAHIA - IFBA - VALENÇA",VALENÇA,13941232000196,,,PÚBLICA
"20098 - INSTITUTO FEDERAL DE EDUCAÇÃO, CIÊNCIA E TECNOLOGIA DA BAHIA - IRECÊ",IRECÊ,10764307001356,20098,,PRIVADA
"20101 - INSTITUTO FEDERAL DE EDUCAÇÃO, CIÊNCIA E TECNOLOGIA DA BAHIA - JACOBINA",JACOBINA,10764307000112,20101,,PÚBLICA
"20099 - INSTITUTO FEDERAL DE EDUCAÇÃO, CIÊNCIA E TECNOLOGIA DA BAHIA - PAULO AFONSO",PAULO AFONSO,10764307001194,20099,,PÚBLICA
"599 - INSTITUTO FEDERAL DE EDUCAÇÃO, CIÊNCIA E TECNOLOGIA DA BAHIA - SANTO AMARO",SANTO AMARO,10764307000708,599,,PÚBLICA
"9092 - INSTITUTO FEDERAL DE EDUCAÇÃO, CIÊNCIA E TECNOLOGIA DA BAHIA - VITÓRIA DA CONQUISTA",VITÓRIA DA CONQUISTA,10764307000465,9092,,PÚBLICA
44046 - INSTITUTO FEDERAL DE EDUCAÇÃO CIÊNCIA E TECNOLOGIA SERRINHA,SERRINHA,10724903001221,44046,,PÚBLICA
500069301 - INSTITUTO FEDERAL DE EDUCACO CIENCIA E TECNOLOGIA DA BAHIA - IFBA,PORTO SEGURO,10764307000546,500069301,,PÚBLICA
INSTITUTO FORMAÇÃO,,10726984000146,,,
INSTITUTO FRANCISCO DE ASSIS - TÉCNICO,IFA - Técnico,15013642000100,,,
44651 - INSTITUTO NACIONAL DE EDUCAÇÃO E CULTURA - INEC,CAMAÇARI,64998958000104,44651,,PRIVADA
2470 - INSTITUTO SALVADOR DE ENSINO E CULTURA - ISEC,FACSAL,06099229001264,2470,,PRIVADA
INSTITUTO TECNICO DE EDUCAÇÃO PROFISSIONAL - ITEP,ITEP,13538886000173,,,
LICEU SALESIANO DA BAHIA,,,,,
0 - L & L FONTES SERVIÇOS DE EDUCAÇÃO PROFISSIONAL LTDA-ME,SALVADOR - NAZARE,12763362000202,0,,PRIVADA
MESTRADO PROFISSIONAL EM CIÊNCIAS AMBIENTAIS,SERRINHA,10724903001221,,,PÚBLICA
2012061126 - MUNDI EMPREENDIMENTOS EDUCACIONAIS  LTDA ME,Nome Antigo; CAIC - CENTRO DE APRENDIZAGEM E INTEGRAÇÃO DE CURSOS - V. DA CONQUISTA,08867659000232,2012061126,,PRIVADA
0 - ORGANIZAÇÃO TECNOLOGICA DE ENSINO - OTE CURSOS TECNICOS,SALVADOR,07714798000182,0,,
RGS EMPREENDIMENTOS EDUCACIONAIS LTDA-ME,SENHOR DO BONFIM,10144546000170,,,PRIVADA
0 - SALVADOR CURSOS TECNICOS LTDA EPP,FONTE NOVA,22007548000104,0,,PRIVADA
SECRETARIA DE EDUCACAO E CULTURA/DEP.DE EDUCAÇÃO CONTINUADA-BAHIA,,,,,
0 - SEGCBINC SEGURANÇA E PREVENÇÃO NO COMBATE A INCÊNDIO,SEGCBINC,07827184000107,0,,
0 - SENAI-CETIND -CENTRO DE TECNOLOGIA INDUSTRIAL PEDRO RIBEIRO,LAURO DE FREITAS,03795071000469,0,,PÚBLICA
SENAI - SERVIÇO NACIONAL DE APRENDIZAGEM INDUSTRIAL,TÉCNICO - ITABUNA,00000000000000,,,
9900700036 - SENAI- SERVIÇO NACIONAL DE APRENDIZAGEM INDUSTRIAL,TÉCNICO - VITÓRIA DA CONQUISTA,03795071000205,9900700036,,PRIVADA
1700047620 - SERVIÇO NACIONAL DE APRENDIZAGEM INDUSTRIAL,CAMAÇARI,03795071000973,1700047620,,PRIVADA
SERVIÇO NACIONAL DE APRENDIZAGEM INDUSTRIAL - JUAZEIRO,JUAZEIRO,03795071000116,,,PRIVADA
44767 - SERVIÇO NACIONAL DE APRENDIZAGEM INDUSTRIAL - SENAI - ALAGOINHAS,ALAGOINHAS,03795071000116,44767,,PRIVADA
21559 - SERVIÇO NACIONAL DE APRENDIZAGEM INDUSTRIAL - SENAI - BARREIRAS,BARREIRAS,03795071001279,21559,,PRIVADA
SERVIÇO NACIONAL DE APRENDIZAGEM INDUSTRIAL - SENAI - BRUMADO,BRUMADO,,,,PRIVADA
1150 - SERVIÇO NACIONAL DE APRENDIZAGEM INDUSTRIAL - SENAI-CIMATEC - SALVADOR/DENDEZEIROS,SALVADOR,03795071000116,1150,,PRIVADA
1277 - SERVIÇO NACIONAL DE APRENDIZAGEM INDUSTRIAL - SENAI - FEIRA DE SANTANA,FEIRA DE SANTANA,03795071000540,1277,,PÚBLICA
21560 - SERVIÇO NACIONAL DE APRENDIZAGEM INDUSTRIAL - SENAI - LUÍS EDUARDO MAGALHÃES,LUIS EDUARDO MAGALHÃES,03795071000701,21560,,PRIVADA
500043000 - SETE CENTRO TECNOLÓGICO,SETE,03116424000104,500043000,,PRIVADA
SISTEMA DE ENSINO E CONSULTORIA EDUCACIONAL,ITABATÃ/MUCURI,08248468000292,,,PRIVADA
500042918 - SISTEMA EDUCACIONAL CORPORATIVO DA PETROBRAS,SALVADOR,,500042918,,
SOSERVCURSOS- CURSOS TÉCNICOS E PROFISSIONALIZANTES,SOSERVCURSOS,10928253000183,,,
SPI COLEGIO PAULO AFONSO,PAULO AFONSO,00000000000000,,,
TECNOLOGIA EM GESTÃO AMBIENTAL,SALVADOR,13526884000164,,,PRIVADA
500003629 - UNEB - UNIVERSIDADE DO ESTADO DA BAHIA,ALAGOINHAS - II,14485841000102,500003629,,PÚBLICA
UNIDADE EDUCACIONAL DE ENSINO LTDA - COLEGIO OLIMPO´S,,09257424000100,,,
1055 -  UNINASSAU - CENTRO UNIVERSITÁRIO MAURÍCIO DE NASSAU,SALVADOR - PITUBA/MERCÊS,32697294000149,1055,,PRIVADA
201500719 - UNIRB - UNIDADE REGIONAL BRASILEIRA DE EDUCAÇÃO LTDA,BARREIRAS,15121017000174,201500719,,PRIVADA
UNIVERSIDADE ANHANGUERA - UNIDERP,JUAZEIRO,04310392000146,,,PRIVADA
UNIVERSIDADE CAMILO CASTELO BRANCO,FEIRA DE SANTANA,00000000000000,,,
519 - UNIVERSIDADE CATÓLICA DO SALVADOR - UCSAL,SALVADOR,15208341000124,519,,PRIVADA
40 - UNIVERSIDADE DO ESTADO DA BAHIA - UNEB - BARREIRAS,BARREIRAS - IX,14485841000140,40,,PÚBLICA
40 - UNIVERSIDADE DO ESTADO DA BAHIA - UNEB - EUCLIDES DA CUNHA,EUCLIDES CUNHA -BA (CAMPUS XXII),14485841000140,40,,PÚBLICA
40 - UNIVERSIDADE DO ESTADO DA BAHIA - UNEB - JUAZEIRO,JUAZEIRO - BA (CAMPUS III),14485841000140,40,,PÚBLICA
40 - UNIVERSIDADE DO ESTADO DA BAHIA - UNEB - PAULO AFONSO,PAULO AFONSO - VIII,14485841000140,40,,PÚBLICA
40 - UNIVERSIDADE DO ESTADO DA BAHIA - UNEB - SALVADOR,SALVADOR  - I,14485841000140,40,,PÚBLICA
24 - UNIVERSIDADE DO ESTADO DA BAHIA - UNEB - XIQUE - XIQUE  (CAMPUS XXIV),XIQUE - XIQUE -  XXIV,14485841000124,24,,PÚBLICA
666 - UNIVERSIDADE ESTADUAL DE FEIRA DE SANTANA - UEFS,FEIRA DE SANTANA,14045546000173,666,,PÚBLICA
24 - UNIVERSIDADE ESTADUAL DE SANTA CRUZ - UESC,ILHEUS,40738999000195,24,,PÚBLICA
688 - UNIVERSIDADE ESTADUAL DO SUDOESTE DA BAHIA - UESB - ITAPETINGA,ITAPETINGA,13069489000108,688,,PÚBLICA
688 - UNIVERSIDADE ESTADUAL DO SUDOESTE DA BAHIA - UESB - VITÓRIA DA CONQUISTA,VITÓRIA DA CONQUISTA,13069489000108,688,,PÚBLICA
578 - UNIVERSIDADE FEDERAL DA BAHIA - UFBA,SALVADOR,15180714000104,578,,PÚBLICA
18506 - UNIVERSIDADE FEDERAL DO OESTE DA BAHIA,BARRA,18641263000145,18506,,PÚBLICA
18506 - UNIVERSIDADE FEDERAL DO OESTE DA BAHIA,LUIS EDUARDO MAGALHÃES,18641263000145,18506,,PÚBLICA
500041652 - UNIVERSIDADE FEDERAL DO OESTE DA BAHIA,BOM JESUS DA LAPA,18641263000145,500041652,,PÚBLICA
1 - UNIVERSIDADE FEDERAL DO OESTE DA BAHIA- CAMPUS BARRA,BARRA,,1,,PÚBLICA
18506 - UNIVERSIDADE FEDERAL DO OESTE DA BAHIA - UFOB - BARREIRAS,BARREIRAS,18641263000145,18506,,PÚBLICA
4503 - UNIVERSIDADE FEDERAL DO RECÔNCAVO DA BAHIA - UFRB,CRUZ DAS ALMAS,07777800000162,4503,,PÚBLICA
4503 - UNIVERSIDADE FEDERAL DO RECÔNCAVO DA BAHIA - UFRB,FEIRA DE SANTANA,07777800000162,4503,,PÚBLICA
18812 - UNIVERSIDADE FEDERAL DO SUL DA BAHIA - UFSB - ITABUNA - JORGE AMADO,ITABUNA - JORGE AMADO,18560547000107,18812,,PÚBLICA
18812 - UNIVERSIDADE FEDERAL DO SUL DA BAHIA - UFSB - PORTO SEGURO - CAMPUS SOSÍGENES COSTA,PORTO SEGURO - CAMPUS SOSÍGENES COSTA,18560547000107,18812,,PÚBLICA
18812 - UNIVERSIDADE FEDERAL DO SUL DA BAHIA - UFSB - TEIXEIRA DE FREITAS - CAMPUS PAULO FREIRE,TEIXEIRA DE FREITAS - CAMPUS PAULO FREIRE,18560547000107,18812,,PÚBLICA
1800057350 - UNIVERSIDADE FEDERAL DO VALE DO SÃO FRANCISCO,JUAZEIRO,14659478000132,1800057350,,PÚBLICA
UNIVERSIDADE SALGADO DE OLIVEIRA,SALVADOR,28638393001901,,,PRIVADA
500052204 - UNIVERSIDADE SALVADOR-UNIFACS- FEIRA DE SANTANA,FEIRA DE SANTANA - Campus: Santa Mônica,13526884000164,500052204,,PRIVADA
385 - UNIVERSIDADE SALVADOR - UNIFACS - SALVADOR,SALVADOR,13526884000164,385,,PRIVADA